名称,别名,校区,类别,经度,纬度,入口说明,坐标体系,核验状态
公共教学楼A,公教A；教学楼A,津南校区,学习服务,117.345517,38.987655,入口,待确认,待确认坐标系
公共教学楼B？,公教B；教学楼B,津南校区,学习服务,117.346143,38.987881,入口,待确认,名称待核验；待确认坐标系
公共教学楼C,公教C；教学楼C,津南校区,学习服务,117.346291,38.988917,入口,待确认,待确认坐标系
公共教学楼D,公教D；教学楼D,津南校区,学习服务,117.345689,38.989263,入口,待确认,待确认坐标系
综合实验楼A,实验楼A；实验A,津南校区,学习实验,117.348741,38.987489,入口,待确认,待确认坐标系
综合实验楼B,实验楼B；实验B,津南校区,学习实验,117.348079,38.987798,入口,待确认,待确认坐标系
综合实验楼C,实验楼C；实验C,津南校区,学习实验,117.348217,38.988842,入口,待确认,待确认坐标系
综合实验楼D,实验楼D；实验D,津南校区,学习实验,117.348900,38.989063,入口,待确认,待确认坐标系
津南校区中心图书馆,中心图书馆；图书馆；津南图书馆,津南校区,学习服务,117.347034,38.986500,正门靠近超市一侧楼梯最下层,待确认,待确认坐标系
大通学生活动中心,大通；学生活动中心；学活中心,津南校区,学生活动,117.349894,38.987807,入口,待确认,待确认坐标系
